<?xml version="1.0" encoding="UTF-8" standalone="yes"?>
<addon id="repository.misty" name="misty's k19-addons" version="1.0.4" provider-name="misty">
	<extension point="xbmc.addon.repository" name="misty's Addon Repository">
	    <dir>
		    <info compressed="false">https://raw.github.com/misty512/k19-addons/master/addons.xml</info>
		    <checksum>https://raw.github.com/misty512/k19-addons/master/addons.xml.md5</checksum>
		    <datadir zip="true">https://raw.github.com/misty512/k19-addons/master/zips</datadir>
		</dir>
	</extension>
	<extension point="xbmc.addon.metadata">
		<summary>misty's k19-addons</summary>
		<description>Download and install addons by misty</description>
		<platform>all</platform>
		<assets>
            <icon>icon.png</icon>
        </assets>
	</extension>
</addon>

